logo,link,club_name,description,categoryID
https://go.sfss.ca/clubs/390/logo/thumb,https://go.sfss.ca/clubs/390/info,350 - SFU,"To raise awareness among students, faculty, and alumni about SFU's role in mitigating climate change.",3.0
https://go.sfss.ca/clubs/720/logo/thumb,https://go.sfss.ca/clubs/720/info,3DMAC,"3DMAC is a club specializing in 3D modelling and animation using a variety of software. By providing resources and online tutorials, projects and weekly activities, our goal is to create an environment where artists of all levels can bring their ideas to life. Come check  out our Facebook group to see what we’re about!",9.0
https://go.sfss.ca/clubs/123/logo/thumb,https://go.sfss.ca/clubs/123/info,Accounting Student Association - SFU,"The SFU Accounting Student Association (ASA) is an organization made up of highly-dedicated students with the mission of assisting student towards their professional life. In order to accomplish this mission, our association provides three types of services: facilitation of information and networking, self-growth, and fellowship.",4.0
https://go.sfss.ca/clubs/101/logo/thumb,https://go.sfss.ca/clubs/101/info,AIESEC,"The world's largest student-run non-profit organization, developing leadership in youth through cross-cultural volunteer and internehip exchanges.",4.0
https://go.sfss.ca/clubs/33/logo/thumb,https://go.sfss.ca/clubs/33/info,AKCSE,The Association of Korean Canadian Scientists and Engineers promotes interest in the area of science and engineering.,11.0
https://go.sfss.ca/clubs/169/logo/thumb,https://go.sfss.ca/clubs/169/info,ALAS (Association of Latin American Students),"Provide a space of entertainment and learning for Latin American students and those who love the Latino culture. We want to promote a space that cherish our multicultural community, while fostering an environment of respect and growth.",6.0
https://go.sfss.ca/clubs/380/logo/thumb,https://go.sfss.ca/clubs/380/info,Alpha Kappa Psi,"""Providing resources for enhancing the educational experience of future business leaders.""",11.0
https://go.sfss.ca/clubs/56/logo/thumb,https://go.sfss.ca/clubs/56/info,Altered Reality Club,"SFU's premiere gaming and nerd culture club. We serve as SFU's source for gaming and tabletop activities. We are dedicated to providing an environment where SFU students interested in video games, board games and tabletop RPG's (Dungeons&Dragons, Dark Heresy, Call of Cthulu etc.) can meet and discuss such topics as well as gain new friends.",8.0
https://go.sfss.ca/clubs/356/logo/thumb,https://go.sfss.ca/clubs/356/info,Anime Club - SFU,"To bring together like-minded students who wish to share their appreciation for anime and manga, and related interests/hobbies.",8.0
https://go.sfss.ca/clubs/776/logo/thumb,https://go.sfss.ca/clubs/776/info,Arab Students' Association,"The Arab Students' Association is here to celebrate the diverse cultures and experiences that unite under a collective Arab identity. The ASA aims at bringing together SFU's Arab students and all those who identify or connect with an Arab society. By holding a variety of cultural events, we also invite the broader community to engage with us.",6.0
https://go.sfss.ca/clubs/819/logo/thumb,https://go.sfss.ca/clubs/819/info,Association for Critical and Interdisciplinary Thinking (ACIT),"ACIT connects motivated and open-minded people with interdisciplinary interests. It serves as a network between students from different universities and different academic backgrounds. At our SFU branch, we are dedicated to promoting educational empowerment through workshops and seminars.",5.0
https://go.sfss.ca/clubs/68/logo/thumb,https://go.sfss.ca/clubs/68/info,Aviation - SFU,SFU Aviation aims to support members by bridging members interested in aviation to actually pursuing a career or recreation within the industry. SFU Aviation seeks to provide a niche community where like-minded individuals can connect and thrive together.,8.0
https://go.sfss.ca/clubs/836/logo/thumb,https://go.sfss.ca/clubs/836/info,Axis Consulting,"Axis Consulting is a student-led pro-bono consultancy. We help businesses build their capabilities and empower non-for-profits to create a positive impact for our community. At Axis Consulting, we seamlessly integrate strategy, data, insights, and expertise to drive value for our clients.",4.0
https://go.sfss.ca/clubs/802/logo/thumb,https://go.sfss.ca/clubs/802/info,Backpacking Club,"To bring together a community of experienced hikers to tackle difficult and ambitious hikes, including those lasting for 2 or more days. Our focus is on providing the additional support, supplies, and planning required for these challenging but rewarding adventures.",8.0
https://go.sfss.ca/clubs/862/logo/thumb,https://go.sfss.ca/clubs/862/info,Balkan Students' Association,"Open to all nationalities and faiths, SFU Balkan Students' Association aims to preserve the diverse Balkan cultures and unite SFU students of the diaspora.",6.0
https://go.sfss.ca/clubs/835/logo/thumb,https://go.sfss.ca/clubs/835/info,Ban the Bottle SFU,"The Ban the Bottle group is a collective of students focused on environmental action, specifically related to water resources and single-use plastics.",3.0
https://go.sfss.ca/clubs/485/logo/thumb,https://go.sfss.ca/clubs/485/info,Bangladesh Students' Alliance,Promote the heritage of Bangladesh at SFU. Provide assistance to both new and existing students from Bangladesh. Organize social & cultural events to create a multicultural acquaintanceship within the SFU community.,6.0
https://go.sfss.ca/clubs/827/logo/thumb,https://go.sfss.ca/clubs/827/info,Better Life,"“Better Life” at SFU aims for raising awareness for critical issues such as food and clothing waste in the SFU community, and broader Vancouver area. Better Life hopes to educate, motivate and initiate collective reductions in food waste, in addition to increasing food, clothing, and money donations to those in need.",7.0
https://go.sfss.ca/clubs/544/logo/thumb,https://go.sfss.ca/clubs/544/info,Bhangra - SFU,"To spread and promote health and well being as well as provide students with an avenue to connect with their artistic side as well as getting a great cardiovascular workout through the wonderful dance of Bhangra. Great for people of all cultures, backgrounds and dance levels.",9.0
https://go.sfss.ca/clubs/544/logo/thumb,https://go.sfss.ca/clubs/544/info,Bhangra - SFU,"To spread and promote health and well being as well as provide students with an avenue to connect with their artistic side as well as getting a great cardiovascular workout through the wonderful dance of Bhangra. Great for people of all cultures, backgrounds and dance levels.",12.0
https://go.sfss.ca/clubs/75/logo/thumb,https://go.sfss.ca/clubs/75/info,Board Game Club,"Play board games such as Coup, Deception, and Red Dragon Inn, among many other favorites. Also, for friendship.",8.0
https://go.sfss.ca/clubs/856/logo/thumb,https://go.sfss.ca/clubs/856/info,Bowling 300,To provide an opportunity for students on campus to learn about the leisure activity of bowling and improve their skills through participation. We hope to make every interaction with this club a STRIKE!,8.0
https://go.sfss.ca/clubs/800/logo/thumb,https://go.sfss.ca/clubs/800/info,Brain in Mind,"As a student run club, students within the SFU community work together to plan and present events that inform the community of neurological disorders (particularly epilepsy) as well as provide volunteer opportunities to help out the greater community.",3.0
https://go.sfss.ca/clubs/60/logo/thumb,https://go.sfss.ca/clubs/60/info,Burnaby Mountain Toastmasters,This club aims at improving members' public speaking skills and expanding their social network.,11.0
https://go.sfss.ca/clubs/641/logo/thumb,https://go.sfss.ca/clubs/641/info,Campus Vibe Movement,"Campus Vibe exists to equip people studying and working on campus with purpose and passion so that they see, express, and have the power of Christ",1.0
https://go.sfss.ca/clubs/619/logo/thumb,https://go.sfss.ca/clubs/619/info,Canadian Cancer Society - SFU,"Through a small group of motivated and passionate students, we help raise awareness of different types of cancers through awareness themed months. We also organize and host one of SFU’s biggest cancer related fundraisers, Relay for Life! Through these efforts, all proceeds are given directly to the Canadian Cancer Society.",7.0
https://go.sfss.ca/clubs/44/logo/thumb,https://go.sfss.ca/clubs/44/info,Canadianized Asian Club (CAC),"Our goal as a student-led non-profit organization is to enhance student’s university experience, placing our membership body first. We strive to build an inclusive community that engages students through a variety of activities and events. We encourage students to join our executive committee to further their experience.",5.0
https://go.sfss.ca/clubs/533/logo/thumb,https://go.sfss.ca/clubs/533/info,CaseIT,CaseIT is team of likeminded individuals who organize and host an annual international business case competition with a strong Management Information Systems focus. CaseIT has strived to bridge technology and business by providing a platform for exceptional students from around the world to showcase their skills in case analysis and IT strategy.,4.0
https://go.sfss.ca/clubs/74/logo/thumb,https://go.sfss.ca/clubs/74/info,Catholic Christian Outreach Club,"Focused on evangelization, we challenge young people to live in the fullness of the Catholic faith placing a strong emphasis on building leaders for the renewal of the world.",1.0
https://go.sfss.ca/clubs/143/logo/thumb,https://go.sfss.ca/clubs/143/info,CFC-Youth,"CFC-Youth Campus-Based is a youth ministry affiliated with Couples for Christ that work towards the renewal of the society by raising servant leaders grounded on Christian values, witnessing God through the campuses. It provides university students and faculty with opportunities to learn about the Catholic faith through fun and fellowship.",1.0
https://go.sfss.ca/clubs/700/logo/thumb,https://go.sfss.ca/clubs/700/info,ChangeSFU,"Our mission is to provide a collaborative space for all kinds of environmental, political, and social activism at SFU and in its community. We catalyze change through taking the issues our members are passionate about and brainstorming actionable campaigns to address those issues to the best of our ability.",3.0
https://go.sfss.ca/clubs/513/logo/thumb,https://go.sfss.ca/clubs/513/info,Chess Club - SFU,For everyone who enjoys playing chess or wants to learn it! Join our discord https://discord.gg/TE2F2JVx2h,5.0
https://go.sfss.ca/clubs/126/logo/thumb,https://go.sfss.ca/clubs/126/info,Chinese Students and Scholars Association,"Our association is a non-profit, non-political, independent organization composed of mainly Chinese students and scholars studying and working at SFU. CSSA is dedicated to create a community for international students and enrich students' non-academic life by hosting various events including dance performances and other activities.",11.0
https://go.sfss.ca/clubs/151/logo/thumb,https://go.sfss.ca/clubs/151/info,Choir - SFU,To have fun and make awesome music! No experience necessary.,9.0
https://go.sfss.ca/clubs/151/logo/thumb,https://go.sfss.ca/clubs/175/info,Christian Leadership Initiative - SFU,An open community of scholars and students exploring the Christian worldview through the nexus of scholarship and faith,11.0
https://go.sfss.ca/clubs/151/logo/thumb,https://go.sfss.ca/clubs/57/info,Christian Students @ SFU,"""But flee youthful lusts, and pursue righteousness, faith, love, peace with those who call on the Lord out of a pure heart."" 2 Timothy 2:22",11.0
https://go.sfss.ca/clubs/277/logo/thumb,https://go.sfss.ca/clubs/277/info,Collegiate Gaming Club,"To provide a friendly, yet competitive community for those interested in mobile games.",8.0
https://go.sfss.ca/clubs/65/logo/thumb,https://go.sfss.ca/clubs/65/info,Concert Orchestra - SFU,"We are an ensemble of musicians that is always expanding. We love playing because it's fun, no stress! If you play any orchestral or concert instrument feel free to contact us. We are here to promote the musical community at Burnaby campus.",9.0
https://go.sfss.ca/clubs/65/logo/thumb,https://go.sfss.ca/clubs/723/info,Conversations Worth Starting,To foster a community that supports idea-sharing and personal growth through volunteering opportunities.,11.0
https://go.sfss.ca/clubs/135/logo/thumb,https://go.sfss.ca/clubs/135/info,Darkroom Club - SFU,To provide members of the club with an artistic outlet where they are free to experiment with conventional film photography.,9.0
https://go.sfss.ca/clubs/193/logo/thumb,https://go.sfss.ca/clubs/193/info,Debate Society,"The official debating team for SFU and a member of the Canadian University Society for Intercollegiate Debate (CUSID). We are a group of passionate individuals dedicated to fostering an inclusive atmosphere, where everyone feels safe expressing their views. We hope to teach SFU Students how to debate, critically think and publicly speak well.",11.0
https://go.sfss.ca/clubs/858/logo/thumb,https://go.sfss.ca/clubs/858/info,DECA SFU,"DECA SFU’s mandate is to create a business club environment in which students can participate in business themed case competitions at various locations throughout Canada. DECA SFU would be directly affiliated with DECA U Canada, a world-renowned case competition organization.",4.0
https://go.sfss.ca/clubs/864/logo/thumb,https://go.sfss.ca/clubs/864/info,Dodo Club,"Inspired by the elusive and extinct dodo, we believe that life is too short not to be enjoyed. As a club, we strive to provide a student support system promoting positivity and mental health. Our fun social activities include online games like Among Us and League, Discord discussions, and movie streaming with snacks.",5.0
https://go.sfss.ca/clubs/849/logo/thumb,https://go.sfss.ca/clubs/849/info,Dogwood SFU,"A non profit, non partisan citizen action network in SFU that brings together students to reclaim power over our environment and democracy.",3.0
https://go.sfss.ca/clubs/419/logo/thumb,https://go.sfss.ca/clubs/419/info,DoTA2 Club,"A club to meet fellow players that enjoy playing DoTA and DoTA2. All players noobs and veterans are welcome to join. We are willing to teach the game either in game or in a room with a projector. We will try to setup in house tournaments and watch tournaments together.

Organizations: Please do not send us unsolicited mail for forwarding.",8.0
https://go.sfss.ca/clubs/859/logo/thumb,https://go.sfss.ca/clubs/859/info,Emerge SFU,"Emerge strives to inspire students to explore a variety of new and valuable skills through a series of free workshops, teaching them concepts that they may not typically learn within their faculty. By combining these workshops with networking events, they can get a taste of what other potential career paths may look like and discover new passions.",10.0
https://go.sfss.ca/clubs/98/logo/thumb,https://go.sfss.ca/clubs/98/info,Enactus SFU,"To encourage entrepreneurship on our campuses and in the community through our various programs. We consider the relevant economic, social and environmental factors to effectively empower people in need
by applying business and economic concepts and an entrepreneurial approach to improve their quality of life and standard of living.",5.0
https://go.sfss.ca/clubs/865/logo/thumb,https://go.sfss.ca/clubs/865/info,Entrepreneursity,Bringing together like minded Entrepreneurial students together at SFU and organizing events to help them start their own startup,4.0
https://go.sfss.ca/clubs/586/logo/thumb,https://go.sfss.ca/clubs/586/info,Evangelical Chinese Bible Fellowship,"Our Fellowship is composed of Chinese friends who graduate or study at SFU,  who love and follow Jesus with 10 years’ history.  We study bible together and share gospel to people who interested in Christianity with special focus on SFU international students, scholars and families from China through various events on and off campus.",1.0
https://go.sfss.ca/clubs/105/logo/thumb,https://go.sfss.ca/clubs/105/info,Finance Club - SFU,The SFU Finance Club is a group dedicated to help finance students attending SFU. Our goals are to help SFU Finance concentrators succeed while attending SFU and after graduating from SFU and help bring the SFU Finance community together.,4.0
https://go.sfss.ca/clubs/91/logo/thumb,https://go.sfss.ca/clubs/91/info,FOCUS Club,"To provide international students a safe and open place to make friends, find help with living and studying in Canada, understand the Bible, and impact the world.",11.0
https://go.sfss.ca/clubs/134/logo/thumb,https://go.sfss.ca/clubs/134/info,Game Developers Club,To support game development at SFU. We strive to achieve this by fostering teamwork and networking among our members. We also provide resources to assist in project development such as organizational help and design assistance.,10.0
https://go.sfss.ca/clubs/803/logo/thumb,https://go.sfss.ca/clubs/803/info,Helping Others Play Equally ( H.O.P.E.),"We want to remove the stigma around special needs kids and want to raise awareness of the various conditions that these kids are diagnosed with. We strive to create an environment, where someone's condition does not limit how they should behave and interact with others.",7.0
https://go.sfss.ca/clubs/618/logo/thumb,https://go.sfss.ca/clubs/618/info,Her Campus SFU,"Her Campus is the #1 global community for college women, with 290+ chapters at universities all over North America. Her Campus SFU is an inclusive online magazine specifically for SFU women, covering topics from campus life and college survival to fashion, beauty, health, career, and more.",5.0
https://go.sfss.ca/clubs/622/logo/thumb,https://go.sfss.ca/clubs/622/info,Hiking Club,"To be up on a new mountaintop or leave footprints on a new hiking trail every chance that we get. And once we've exhausted every trail, park, terrain, peak, and forest in BC, we'll wake up one day and do it all over again.",8.0
https://go.sfss.ca/clubs/595/logo/thumb,https://go.sfss.ca/clubs/595/info,Hillel Jewish Students Association,"Organize events at SFU that are based on core Jewish Values, such a tikkun olam (repairing the world) and tzedakah (acts of charity). We celebrate the Jewish holidays, develop educational programs, work on social action projects, and encourage people to connect with one another at discussions, parties and retreats.",6.0
https://go.sfss.ca/clubs/286/logo/thumb,https://go.sfss.ca/clubs/286/info,Hip Hop Club - SFU,"SFU HipHop club is a club devoted to the HipHop Culture. Our main goal is to share and educate about the HipHop dance culture. We introduce styles such as popping, locking, waving, house, breakdancing, wacking, and much more. It is a place where you meet new people, share the same interest, learn new skills, and in general having fun.",11.0
https://go.sfss.ca/clubs/710/logo/thumb,https://go.sfss.ca/clubs/710/info,Hong Kong Society (HKS),"We essentially introduce Hong Kong traditions and culture, provide student-based services, encourage cultural exchange, and hold social events. Moreover, HKS aims at assisting students to adapt to the heart-warming environment in Vancouver, bonding them with close emotional attachments and building their self-confidence for future challenges.",6.0
https://go.sfss.ca/clubs/59/logo/thumb,https://go.sfss.ca/clubs/59/info,Human Resources Student Association,The Human Resources Students’ Association (HRSA) aims to serve the needs of Simon Fraser University students (business and non-business) by providing opportunities for social interaction among the student body with scholarly and professional interests from multiple disciplines within the field of Human Resource Management.,4.0
https://go.sfss.ca/clubs/278/logo/thumb,https://go.sfss.ca/clubs/278/info,Indian Student Federation (ISF),"Our club purpose is to speak out and unite all prospective, current and Alumni Indian students in SFU. Our vision is to organize cultural events and help Indian students build a network with one another.",11.0
https://go.sfss.ca/clubs/25/logo/thumb,https://go.sfss.ca/clubs/25/info,Indonesian Association - SFU,The Indonesian Association (IA) is a non-profit student-led organisation that welcomes and unites Indonesian students at Fraser International College and Simon Fraser University. We strive to promote a fun and rewarding university experience for all our members through various social events.,11.0
https://go.sfss.ca/clubs/25/logo/thumb,https://go.sfss.ca/clubs/128/info,International Club,"The International Club is for all students: international, UWC grads, immigrant, and Canadian. Our club is about bringing students together; building a better cross-cultural understanding; and learning more about international relations through our many activities and events. Also, the club provides an important social support network for students.",6.0
https://go.sfss.ca/clubs/531/logo/thumb,https://go.sfss.ca/clubs/531/info,International Justice Mission SFU,"IJM SFU is a group of students who desire to work together as advocates for the oppressed. Our vision is linked to International Justice Mission - a global organization that partners with local authorities to rescue victims of violence, bring criminals to justice, restore survivors, and strengthen justice systems.",3.0
https://go.sfss.ca/clubs/282/logo/thumb,https://go.sfss.ca/clubs/282/info,InterVarsity Undergraduate at SFU,"Through Christ's love, we are ordinary peoples doing extraordinary things on the SFU campus. We are making SFU home by reconciling God, peoples and land in relationship with all our heart, mind, soul and strength in Christ.",1.0
https://go.sfss.ca/clubs/552/logo/thumb,https://go.sfss.ca/clubs/552/info,Introverts Club - SFU,"We aim to help introverts make friends at SFU. Our club organizes events for introverts to meet up, get to know each other, and socialize the introvert way.",5.0
https://go.sfss.ca/clubs/29/logo/thumb,https://go.sfss.ca/clubs/29/info,Investment Club - SFU,To apply our knowledge of investing to encourage members from all faculties to get involved and gain practical experiences in the field of investing to achieve financial independence.,4.0
https://go.sfss.ca/clubs/27/logo/thumb,https://go.sfss.ca/clubs/27/info,Iranian Club - SFU,To encourage and promote Iranian culture and heritage among its members. This is achieved through organizing social activities. Iranian Club also tries to improve the link between Iranians and other cultures as we believe in both unity and diversity.,6.0
https://go.sfss.ca/clubs/117/logo/thumb,https://go.sfss.ca/clubs/117/info,Ismaili Students Association,"A Religious Organization designed to create fun and exciting Internal and External events that engage the Post-Secondary Shia Ismaili Muslim community, and the wider SFU student body.",1.0
https://go.sfss.ca/clubs/34/logo/thumb,https://go.sfss.ca/clubs/34/info,Japanese Network - SFU,We are a socializing club that encourages students to learn about Japanese culture through the events we create.,6.0
https://go.sfss.ca/clubs/212/logo/thumb,https://go.sfss.ca/clubs/212/info,Jazz Band - Simon Fraser,The SFU Jazz Band aims to provide an opportunity for jazz musicians and enthusiasts to 	rehearse and perform in a ‘BIG BAND’ setting within the SFU community.,11.0
https://go.sfss.ca/clubs/426/logo/thumb,https://go.sfss.ca/clubs/426/info,JDC West - SFU,"JDC West is the largest student-run business competition in Western Canada that showcases academics, athletics, debate, and a social competition.The competition provides students with the opportunity to compete in all facets of business, while developing networking, critical thinking and leadership skills.",4.0
https://go.sfss.ca/clubs/591/logo/thumb,https://go.sfss.ca/clubs/591/info,Jesus Disciples Movement,"Our club mandate is to follow Christ’s last Great Commission. Being a Christian is about imitating Christ’s life of love, serving, and sacrificing for others. We wish to share these values to the SFU student community and train them to be Christ-like, so that they can teach others to the same and in this way it can positively impact the world",1.0
https://go.sfss.ca/clubs/54/logo/thumb,https://go.sfss.ca/clubs/54/info,Korean Storm (K.STORM),K.STORM is a non-profit student group that aims to promote Korean culture and media to all students from all nations. We are a social friendly community that allows members to meet new people and enjoy their university life with us.​​,6.0
https://go.sfss.ca/clubs/707/logo/thumb,https://go.sfss.ca/clubs/707/info,Light Up The Hill (LUTH),We seek to create an open community of believers from the various Christian clubs at SFU and worship God as one through inter-club worship nights and games nights.,1.0
https://go.sfss.ca/clubs/707/logo/thumb,https://go.sfss.ca/clubs/740/info,LIT Events,"By providing opportunities of student recreation and formal academic events, SFU students are expected to enjoy and learn from the meaningful and impressive social activities. Meanwhile, we are willing to make the most of our experience and knowledge to make a positive impact on the whole student society.",5.0
https://go.sfss.ca/clubs/716/logo/thumb,https://go.sfss.ca/clubs/716/info,Love Caravan SFU,"We are aiming to establish a club to provide students with opportunities of going to senior housings to perform traditional or modern arts from their cultures (music, dance, poem and other instrumental pieces) to the seniors and engage in culture-sharing activities with them.",7.0
https://go.sfss.ca/clubs/32/logo/thumb,https://go.sfss.ca/clubs/32/info,Love Your Neighbour Club,Love Your Neighbour club is a volunteer club with an international network of branches. We are dedicated to serving both the communities we live in as well as globally.,11.0
https://go.sfss.ca/clubs/32/logo/thumb,https://go.sfss.ca/clubs/787/info,Mahjong Club 中發白,"Our mandate is to promote the spirit of Asia culture through the most traditional game from Asia, Mahjong. We will mainly focus on Hong Kong Mahjong and learn about Japan, Taiwan, Guangdong and Sichuan Mahjong.",8.0
https://go.sfss.ca/clubs/32/logo/thumb,https://go.sfss.ca/clubs/122/info,Malaysia Singapore Students Club,To provide a social club for Malaysian and Singapore students and those interested in the related cultures of these countries.,5.0
https://go.sfss.ca/clubs/102/logo/thumb,https://go.sfss.ca/clubs/102/info,Management Information Systems Association,MISA (Management Information Systems Association) promotes the Faculty of Business Administration concentration of Management Information Systems on campus to inform students of career paths in MIS.,4.0
https://go.sfss.ca/clubs/93/logo/thumb,https://go.sfss.ca/clubs/93/info,Model United Nations - SFU,Model United Nation will explore different forums within the United Nations and will aim to teach members how MUN works while enhancing their understanding of politics and adding new skills such as quick problem solving and public speaking.,2.0
https://go.sfss.ca/clubs/861/logo/thumb,https://go.sfss.ca/clubs/861/info,Music Discussion Club,"To provide a welcoming space for discussion of music. Discussion will first and foremost be fun and informative. Everyone stands to learn something new from others with different tastes and lived experiences. This is not a club where you have to know the ins and outs of music theory, but you are welcome to share any knowledge you do have!",8.0
https://go.sfss.ca/clubs/626/logo/thumb,https://go.sfss.ca/clubs/626/info,Musician Impact Network Society - Simon Fraser University Chapter (MINS SFU),"MINS is a registered BC non-profit, non-governmental organization with the mission to enhance the lives of vulnerable populations in times of need and foster a culture of community service by musicians.  MINS provides free, quality music performances to Non-Profit Health Care Facilities including Residential Care Facilities and Hospitals.",7.0
https://go.sfss.ca/clubs/45/logo/thumb,https://go.sfss.ca/clubs/45/info,Muslim Students Association,"To provide prayer facilities, religious information and services, and to foster social connections for all Muslim students on campus. 
Also to provide awareness and education of Islam for the greater community |
Facebook: facebook.com/sfumsa/ | 
Twitter: @SFU_MSA | IG: SFU_MSA",1.0
https://go.sfss.ca/clubs/137/logo/thumb,https://go.sfss.ca/clubs/137/info,NDP Club - SFU,"The Purpose of the SFU NDP Club shall be to actively engage members of the SFU Community in the political process in such a way that is both inclusive and beneficial to the New Democratic Party of Canada, and the New Democratic Party of British Columbia.",2.0
https://go.sfss.ca/clubs/137/logo/thumb,https://go.sfss.ca/clubs/873/info,One Life,"Inspired by the COVID-19 pandemic and the disruption that it has caused to already struggling medical systems, our mission is to tackle issues relating to global medical insecurity. By engaging in fundraising activities, we will collect resources and raise awareness for regions hampered by medical inequity and distress.",7.0
https://go.sfss.ca/clubs/847/logo/thumb,https://go.sfss.ca/clubs/847/info,Orangutan Awareness Club,To raise awareness among the SFU community about the plight of orangutan and their rainforest habitat.,11.0
https://go.sfss.ca/clubs/38/logo/thumb,https://go.sfss.ca/clubs/38/info,Outdoors Club - SFU,"The Outdoors Club is a group of SFU students who love to be outside and are passionate about outdoor sports.
Our members enjoy hiking, rock climbing, mountain biking, kayaking, snow shoeing, skiing, and pretty much
anything that gets us out in nature and having fun.",11.0
https://go.sfss.ca/clubs/263/logo/thumb,https://go.sfss.ca/clubs/263/info,Pakistan Students Association,"To promote Pakistani culture, cuisine and way of life; and to promote multi-culturalism at SFU.",6.0
https://go.sfss.ca/clubs/805/logo/thumb,https://go.sfss.ca/clubs/805/info,Parks Canada Campus Club,"The mission of the SFU Parks Canada Campus Club is to bring together youth to experience, appreciate, protect, and promote Canada's natural and cultural heritage. All students are welcome!",8.0
https://go.sfss.ca/clubs/869/logo/thumb,https://go.sfss.ca/clubs/869/info,PennyDrops at SFU,PennyDrops is a student-run non-profit organization that champions financial literacy among Canadian youth. The PennyDrops at SFU Chapter aims to engage the SFU community in being a part of the financial literacy movement in Canada.,4.0
https://go.sfss.ca/clubs/24/logo/thumb,https://go.sfss.ca/clubs/24/info,Phi Delta Epsilon,"As a co-ed fraternity, we aim to dispel the competitive stereotypes associated with pre-med students and foster lifelong friendships between women and men pursuing a career in medicine. Through our philanthropy, leadership opportunities, and academic excellence, we hope to instill in our members the skills necessary to excel in the medical field.",10.0
https://go.sfss.ca/clubs/502/logo/thumb,https://go.sfss.ca/clubs/502/info,Ping Pong Social,Our goal is to bring together a diverse group of students and others (of any skill level) who share an interest in the recreational play of table tennis. We’re a fun-loving group of people gathering to create a relaxing social atmosphere for everyone. Mingling with no fee and no hassles. Fun AND free? You can’t possibly argue with that.,8.0
https://go.sfss.ca/clubs/502/logo/thumb,https://go.sfss.ca/clubs/850/info,Poetry Club,"The poetry club will facilitate the collection, creation and dissemination of poetry by SFU students for a student audience. It will provide a space for people to share poetic works that are meaningful to them. Members will exchange published and original works, discuss them and provide feedback on request.",9.0
https://go.sfss.ca/clubs/502/logo/thumb,https://go.sfss.ca/clubs/854/info,Political Theory Club,"The Political Theory Club is a reading club focused on contemporary political discourse. We aim to be an open space where philosophers and theorists can share ideas and deliberate on the issues of today.

Join our Slack channel to connect with the group: https://join.slack.com/t/politicaltheoryclub/shared_invite/zt-c0ww97gj-jkTbeIuejkcQ7FqRV9Jizg",2.0
https://go.sfss.ca/clubs/502/logo/thumb,https://go.sfss.ca/clubs/170/info,Power to Change (P2C),"To help students discover Jesus. We want to add spiritual value to students' lives during their time in university by providing them with opportunities to explore spiritual things through meaningful conversations in the context of discussion groups, meetings and special events.",1.0
https://go.sfss.ca/clubs/491/logo/thumb,https://go.sfss.ca/clubs/491/info,Pre-Law Society - SFU,"The SFU Pre-Law Society is intended for all students who plan on pursuing a future career or education in law. The Pre-Law Society aims to connect students involved in the law school admission process through hosting meetings, events and information sessions.",10.0
https://go.sfss.ca/clubs/22/logo/thumb,https://go.sfss.ca/clubs/22/info,Pre-Med Society - SFU,"The SFU Pre-Med Society is a group of students interested in entering the field of medicine. Info on admissions, med school options, and the MCAT plus interview prep, volunteering, hearing from current med students, and networking with other pre-meds. Join us! SFU clubs/students/external organizations, please contact: premedsfu@gmail.com",10.0
https://go.sfss.ca/clubs/299/logo/thumb,https://go.sfss.ca/clubs/299/info,Pre-Vet Club,"The SFU Pre-Vet Club aims to connect students considering a career in veterinary medicine. This provides a place where students can discuss hot topics related to the career, attend vet/animal related events, and share their experience in the veterinary world. This will serve to better prepare students for vet school and for the job itself.",10.0
https://go.sfss.ca/clubs/111/logo/thumb,https://go.sfss.ca/clubs/111/info,Punjabi Student Association - SFU,The Simon Fraser University Punjabi Student Association was established by SFU students in 1996. The PSA has created an avenue for students at SFU to discover and celebrate the richness of the Punjabi culture along with allowing students to make positive contributions in the community.,6.0
https://go.sfss.ca/clubs/665/logo/thumb,https://go.sfss.ca/clubs/665/info,Pursuit of Happiness,"Pursuit of Happiness aims to promote the importance of mental and physical health, and nurture a safe and supportive network for students. We address the challenges of overall wellness experienced by the members of our community through engaging events.",11.0
https://go.sfss.ca/clubs/853/logo/thumb,https://go.sfss.ca/clubs/853/info,Questioning Pornography,"Relying upon both scientific research and anecdotal evidence, Questioning Pornography seeks to raise awareness and spark critical conversations about some of the harmful effects of porn.",3.0
https://go.sfss.ca/clubs/48/logo/thumb,https://go.sfss.ca/clubs/48/info,Radical Individual's for Solidarity and Equity (RISE),"The mandate for Radical Individual's for Solidarity and Equity (RISE) is to hold weekly discussion groups on SFU Burnaby campus covering a variety of political topics, and bi-weekly reading groups of leftist text. We hope that through this activity RISE can empower our membership to organize within their communities against capitalism.",2.0
https://go.sfss.ca/clubs/410/logo/thumb,https://go.sfss.ca/clubs/410/info,Red Cross Club - SFU,"We aim to connect SFU students to the Canadian Red Cross, raising both awareness and funds for Red Cross programs. We also strive for further humanitarian involvement within our community through volunteering and community-based projects.",7.0
https://go.sfss.ca/clubs/657/logo/thumb,https://go.sfss.ca/clubs/657/info,Redeemed Christian Fellowship (RCF),A People Who Dare To Be Different...Building Lives For Christ,1.0
https://go.sfss.ca/clubs/575/logo/thumb,https://go.sfss.ca/clubs/575/info,Rehabilitative Therapy Club,"We aim to help and support students who are looking to pursue careers in rehabilitative therapies (occupational therapy, physiotherapy, and respiratory therapy) by creating a support network for students wanting to pursue these professions, and in improving student awareness of these jobs.",10.0
https://go.sfss.ca/clubs/644/logo/thumb,https://go.sfss.ca/clubs/644/info,Satellite Design Club,"To discuss, design, plan, and build artificial satellites and their mission profiles.",12.0
https://go.sfss.ca/clubs/809/logo/thumb,https://go.sfss.ca/clubs/809/info,Science Undergraduate Research Journal (SURJ),"SFU SURJ looks to promote undergraduate research by providing young scientists exposure and recognition for their work while undergoing a peer review process. Ultimately, we hope to foster a community of undergraduates who value research while engaging all students in science communication and education.",
https://go.sfss.ca/clubs/812/logo/thumb,https://go.sfss.ca/clubs/812/info,SFU Aerospace,"SFU Aerospace aims to create a bridge between different disciplines and fill in the gaps between entrepreneurship, educational outreach, and technological developments in the field of Aerospace. We are a group of space enthusiasts who believe in creating multidisciplinary space where everyone can get involved regardless of their major at school.",4.0
https://go.sfss.ca/clubs/708/logo/thumb,https://go.sfss.ca/clubs/708/info,SFU Artists,A club for artists of any kind to connect and collaborate.,8.0
https://go.sfss.ca/clubs/825/logo/thumb,https://go.sfss.ca/clubs/825/info,SFU Astronautic Robotics,Astro Robotics strives to design autonomous robotic systems for use in space and other extreme environments.,10.0
https://go.sfss.ca/clubs/498/logo/thumb,https://go.sfss.ca/clubs/498/info,SFU Befikre Dance Team,SFU Befikre (bae-fik-ray-carefree) Dance Team is a group inspired by South Asian dance styles and Bollywood free style.,8.0
https://go.sfss.ca/clubs/677/logo/thumb,https://go.sfss.ca/clubs/677/info,"SFU Blood, Organ, and Stem Cell Club","SFU Blood, Organ, and Stem Cell Club aims to raise awareness about the need for blood, organ and stem cell donors while providing students/members of the SFU community the opportunity to join this cause.",7.0
https://go.sfss.ca/clubs/669/logo/thumb,https://go.sfss.ca/clubs/669/info,SFU Climbing Club,Coming soon,8.0
https://go.sfss.ca/clubs/857/logo/thumb,https://go.sfss.ca/clubs/857/info,SFU Competitive Programming,"We exist for the purpose of providing an environment for practicing, learning, and enjoying competitive programming. We are trying to build up a team and be competitive in the Northwest region of North America.

To join our practices and compete with us, or to just hang out and discuss programming, join our Discord!",8.0
https://go.sfss.ca/clubs/627/logo/thumb,https://go.sfss.ca/clubs/627/info,SFU Conservatives,"The SFU Conservatives hope to support the Conservative Party of Canada, to foster knowledge sharing between peoples interested in politics, to promote the discussion of ideas between conservative-minded individuals, to encourage active participation in local and federal politics, and to provide students the opportunity to get involved.",2.0
https://go.sfss.ca/clubs/789/logo/thumb,https://go.sfss.ca/clubs/789/info,SFU Cricket Club,"This club aims at bringing together all the cricket enthusiasts at SFU for informative, entertaining and enjoyable events, discussions, get-togethers and light play.",8.0
https://go.sfss.ca/clubs/676/logo/thumb,https://go.sfss.ca/clubs/676/info,SFU Dragon Boat,"To promote and build a welcoming, inclusive, and supportive community around the sport of dragon boat paddling at SFU. Additionally, SFU Dragon Boat facilitates the creation and support of the day to day operation of SFU dragon boat teams.",8.0
https://go.sfss.ca/clubs/709/logo/thumb,https://go.sfss.ca/clubs/709/info,SFU Esports Association,To serve as a unifying brand for various student led gaming communities across the region,8.0
https://go.sfss.ca/clubs/763/logo/thumb,https://go.sfss.ca/clubs/763/info,SFU First Responders,"To provide those with an interest in first aid, regardless of skill level or experience, with the opportunity to learn new skills, maintain current ones, and meet others with similar interests. To join or for more information please contact our executive team at SFU.FirstResponders@gmail.com",8.0
https://go.sfss.ca/clubs/744/logo/thumb,https://go.sfss.ca/clubs/744/info,SFU French Conversation Club,"The SFU French Conversation Club is open to all members of the SFU community who like to speak French. We aim to create a casual place for French speakers of various skill levels to enjoy conversation and games, practising the langue de Molière the whole time!",6.0
https://go.sfss.ca/clubs/637/logo/thumb,https://go.sfss.ca/clubs/637/info,SFU Hanfu Culture Society,"We aim to raise the awareness of many lost/endangered aspects of Chinese traditional culture with an emphasis on clothing, also known as the Hanfu.",6.0
https://go.sfss.ca/clubs/807/logo/thumb,https://go.sfss.ca/clubs/807/info,SFU Knitting Club,"The purpose of SFU Knitting Club is to facilitate healthy stress-reduction techniques to improve student well-being. This club will teach students valuable skills so they can create something they are proud of.

Stay connected by following SFU Knitting Club on Instagram and Facebook!",9.0
https://go.sfss.ca/clubs/811/logo/thumb,https://go.sfss.ca/clubs/811/info,SFU LYFE,"Learn. Live. Inspire. SFU LYFE is a personal and career development platform where professionals share their stories to empower others to live a more purpose-driven life. Our core values are: energy, passion, growth, integrity, and impact.",4.0
https://go.sfss.ca/clubs/561/logo/thumb,https://go.sfss.ca/clubs/561/info,SFU Manga Club,"The SFU Manga Club, based in Surrey, provides an environment for artists and writers to collaborate and create Japanese comics, AKA manga, and other related forms. Club activities will involve exploring the culture behind manga and discussing ways to develop our own art and stories.",9.0
https://go.sfss.ca/clubs/561/logo/thumb,https://go.sfss.ca/clubs/561/info,SFU Manga Club,"The SFU Manga Club, based in Surrey, provides an environment for artists and writers to collaborate and create Japanese comics, AKA manga, and other related forms. Club activities will involve exploring the culture behind manga and discussing ways to develop our own art and stories.",12.0
https://go.sfss.ca/clubs/561/logo/thumb,https://go.sfss.ca/clubs/837/info,SFU Mechanical Keyboards Club,To introduce students to the joy of mechanical keyboards and hosting meet ups to share and show off custom boards.,9.0
https://go.sfss.ca/clubs/715/logo/thumb,https://go.sfss.ca/clubs/715/info,SFU Open Mics (Indiependant Open Mics),"Hosting Open Mic events the last Saturday of every month that create an inviting, engaging, and supportive community of performers and listeners providing a safe space for creativity!",9.0
https://go.sfss.ca/clubs/535/logo/thumb,https://go.sfss.ca/clubs/535/info,SFU Optimist Club,"Bringing out the best in kids, our members, and our community",7.0
https://go.sfss.ca/clubs/867/logo/thumb,https://go.sfss.ca/clubs/867/info,SFU OS Development,"SFU OS Development (Open Source) club is built for students willing to support the Open Source Community, and interested in real-world software engineering, as well as learning modern tools for software development outside the classroom.
Join our discord here: https://discord.gg/XDgjR7TGue",12.0
https://go.sfss.ca/clubs/750/logo/thumb,https://go.sfss.ca/clubs/750/info,SFU Paintball,"My mandate for this club is to promote paintball around the university and provide a unique environment for obtaining leadership skills, outdoor experience and teamwork. We will be organizing events each week or biweekly at Ambush Paintball to get a hands on experience. Hosting paintball fundraisers to support local organizations.",8.0
https://go.sfss.ca/clubs/120/logo/thumb,https://go.sfss.ca/clubs/120/info,SFU Peak Frequency,To provide performance opportunities for student musicians and foster a musical environment where people can socialize and share a common interest.,9.0
https://go.sfss.ca/clubs/817/logo/thumb,https://go.sfss.ca/clubs/817/info,SFU Pokemon Go Official Group,"Official campus trade/pvp/raid group! Doesn't matter what team you are on, come meet other players in the SFU community!",8.0
https://go.sfss.ca/clubs/868/logo/thumb,https://go.sfss.ca/clubs/868/info,SFU Polyglots,"SFU Polyglots aims to provide a casual and friendly environment for students to meet and discuss all things related to languages, including language acquisition, and language exchange, with fellow members of the SFU community.",8.0
https://go.sfss.ca/clubs/270/logo/thumb,https://go.sfss.ca/clubs/270/info,SFU Pre-Dental Society,"Our club focuses on informing students interested in pursuing a future in dentistry on the application process; DAT, the pre-requisites, current entrance statistics, and various other qualities looked for in potential candidates, to inform as many students of as many possibilities open to them in the future.",10.0
https://go.sfss.ca/clubs/846/logo/thumb,https://go.sfss.ca/clubs/846/info,SFU Real Estate Club,The SFU Real Estate Club is a student led organization that allows students to be exposed to the real estate world through events and projects. Our vision is to create a community amongst the students interested in real estate and help them grow their network within the industry.,4.0
https://go.sfss.ca/clubs/761/logo/thumb,https://go.sfss.ca/clubs/761/info,SFU Rhythm Games Club,"We are a club that aims to gather rhythm game players together and create a community that allows players of all skill levels to feel welcomed, play together, and learn from each other.",8.0
https://go.sfss.ca/clubs/721/logo/thumb,https://go.sfss.ca/clubs/721/info,SFU Robot Soccer,"SFU’s first Robot Soccer club aims to combine the excitement of soccer with the future of automated technology as we compete in RoboCupSoccer. Our team encourages students from all programs to come together and learn concepts that are not taught in class and get hands-on experience with robotics, artificial intelligence, and teamwork.",8.0
https://go.sfss.ca/clubs/782/logo/thumb,https://go.sfss.ca/clubs/782/info,SFU Rocketry,"To research, design, and build rockets to compete in rocketry competitions and further the understanding and competency of SFU students in the field of engineering.",8.0
https://go.sfss.ca/clubs/620/logo/thumb,https://go.sfss.ca/clubs/620/info,SFU Sports Analytics Club,"Where data and sports come together. We aim to connect individuals interested in sports, data, or analysis to share ideas and opinions. As data is more prevalent and publicly available than ever, we promote the importance of usage of data to investigate sports-related issues in the light of improving performance and strategies.",8.0
https://go.sfss.ca/clubs/866/logo/thumb,https://go.sfss.ca/clubs/866/info,SFU Style Statement,"An all-inclusive community for people who love fashion, style, and keeping up with the latest trends. We will be hosting socials throughout the year. The purpose is to have an enjoyable experience and share style interests with each other.",8.0
https://go.sfss.ca/clubs/831/logo/thumb,https://go.sfss.ca/clubs/831/info,SFU Surge,"We are a community for students in tech to learn from industry professionals at conferences and talks, to hone skills and experience at large-scale hackathons and competitions, to network at events and workshops to enable community innovation, and to gain project experience working on software used by SFU students.",10.0
https://go.sfss.ca/clubs/701/logo/thumb,https://go.sfss.ca/clubs/701/info,SFUnison,"SFUnison is SFU's a cappella group. Have you always wanted to make music, but felt tied down by the thought of committing to playing an instrument? All you need to bring is your voice! We are open to all skill levels!",9.0
https://go.sfss.ca/clubs/147/logo/thumb,https://go.sfss.ca/clubs/147/info,Sikh Students' Association - SFU,"Establish a strong network for those who are exploring the Sikh way of life. We hope to achieve this by promoting Sikh values such as equality, peace and truthful living in order to create a strong and united Sikh community at Simon Fraser University.",1.0
https://go.sfss.ca/clubs/760/logo/thumb,https://go.sfss.ca/clubs/760/info,Simon Fraser Cinematography,Simon Fraser Cinematography exists to provide exciting and unique opportunities for students who are interested in the art and techniques of making and reproducing motion pictures. SFC will strive to bring students together from learning and understanding cinematography languages through practices and professional hands-on guidance.,9.0
https://go.sfss.ca/clubs/629/logo/thumb,https://go.sfss.ca/clubs/629/info,Ski and Snowboard Club,"The Ski and Snowboard club is focused on bringing together the SFU shred community, regardless of abilities on the slopes! We're just a group of gnarly people looking for more gnarly people to be gnarly with! If you're looking for good times, and to make some turns on the slopes this season, this club is for you!",8.0
https://go.sfss.ca/clubs/629/logo/thumb,https://go.sfss.ca/clubs/517/info,Smash Club,"To provide a place for students to play the popular video game franchise Super Smash Bros., both competitively and casually.",8.0
https://go.sfss.ca/clubs/629/logo/thumb,https://go.sfss.ca/clubs/822/info,Social Games Club,"The reason we build this club is we want to provide a place which can encourage students express their own feelings and make clsose connection to each other during the social games. Also, during the social games students’ can learn a lot. For example, their communicational abilities and skills can be improved.",5.0
https://go.sfss.ca/clubs/629/logo/thumb,https://go.sfss.ca/clubs/838/info,Socialist Alternative Youth,"Socialist Alternative Youth realizes that capitalism is incapable of providing a society where the working class and its allies can have a good quality of life on a healthy planet. Therefore, we work both for reforms now and for a mass democratic socialist transformation of society.",2.0
https://go.sfss.ca/clubs/851/logo/thumb,https://go.sfss.ca/clubs/851/info,Speech and Hearing Club,This club is for prospective Speech-Language Pathologists and Audiologists who want to maximize their ability to get into graduate school.,10.0
https://go.sfss.ca/clubs/839/logo/thumb,https://go.sfss.ca/clubs/839/info,STEM Fellowship,"Non-profit organization at SFU that strives to engage future leaders and innovators in science, technology, engineering, and mathematics.",10.0
https://go.sfss.ca/clubs/863/logo/thumb,https://go.sfss.ca/clubs/863/info,Student Energy at Simon Fraser University,"To educate and empower SFU
students and their surrounding communities in aiding the transition to
sustainable energy by engaging them through project and activity-based
initiatives that build skill sets relevant to the sustainable energy industry.",11.0
https://go.sfss.ca/clubs/863/logo/thumb,https://go.sfss.ca/clubs/207/info,Student Marketing Association,"The Student Marketing Association (SMA) is SFU’s creative and innovative marketing-based student club. Students from all faculties join together in this organization to gain skills in marketing, event coordination, and leadership, planning numerous social and professional events throughout the year.",4.0
https://go.sfss.ca/clubs/874/logo/thumb,https://go.sfss.ca/clubs/874/info,SuBu Club (Sustainable Business),"The SuBu club acts as a meeting place, a discussion platform, and a project organizing club for students interested in business sustainability.",4.0
https://go.sfss.ca/clubs/142/logo/thumb,https://go.sfss.ca/clubs/142/info,Surrey Badminton Club - SFU,"Promote the sport of Badminton to all students at SFU, especially at the Surrey Campus. This club is for any skill level/gender and will enforce a safe-zone to all participants.",11.0
https://go.sfss.ca/clubs/142/logo/thumb,https://go.sfss.ca/clubs/142/info,Surrey Badminton Club - SFU,"Promote the sport of Badminton to all students at SFU, especially at the Surrey Campus. This club is for any skill level/gender and will enforce a safe-zone to all participants.",12.0
https://go.sfss.ca/clubs/148/logo/thumb,https://go.sfss.ca/clubs/148/info,Taiwanese Association - SFU,"SFUTA was established in 1989, We are the bridge between Canada and Taiwan. We are a social and cultural club that promotes an engaging university experience. SFUTA成立於1989年，我們是加拿大和台灣之間的橋樑。我們是一個多元文化社團，旨在促進學生參與大學的生活體驗。",5.0
https://go.sfss.ca/clubs/781/logo/thumb,https://go.sfss.ca/clubs/781/info,Team Guardian,"Team Guardian designs, builds, and deploys unmanned aerial systems (UAS) to participate in national and international competitions. We welcome and bring together students from various backgrounds - from engineering to communications - to develop new skills and work on the edge of UAS technology. Check us out: http://www.sfu.ca/uav/index.html",12.0
https://go.sfss.ca/clubs/675/logo/thumb,https://go.sfss.ca/clubs/675/info,Team Phantom: SFU Formula SAE Electric,The goal of this club is to compete in the Formula SAE Electric Competition. The club will do this by designing and creating a fully electric vehicle using engineering principles.,8.0
https://go.sfss.ca/clubs/767/logo/thumb,https://go.sfss.ca/clubs/767/info,Tech Entrepreneurs (Tech-E) Club,This club is for students who are interested in Tech Entrepreneurship. The objective of the club is to bring together entrepreneurial minded students and help them make a change in the world.,4.0
https://go.sfss.ca/clubs/674/logo/thumb,https://go.sfss.ca/clubs/674/info,Technovus,"Technovus is family of hardworking, pizza eating, solder infused dorks. We teach robotics workshops for all levels, host and compete in hackathons, hangout, and work on challenging projects. We learn from each other, share tools, make fun of each other, and grow together. Robotics, Inappropriate Jokes, Random Shenanigans, and Heart. That’s us.",8.0
https://go.sfss.ca/clubs/870/logo/thumb,https://go.sfss.ca/clubs/870/info,The FentaNIL Project at SFU (TFP),The FentaNIL Project is dedicated to reducing the impact of the opioid crisis by educating students about harm reduction strategies and how they can help members of the community struggling with addiction. We intend to teach the public how to recognize and respond to an opioid overdose by recommending students obtain their own naloxone kits.,11.0
https://go.sfss.ca/clubs/94/logo/thumb,https://go.sfss.ca/clubs/94/info,The Point,"A club on campus whose goal is to Love God, Love People, Serve All, by hosting events open to those part of The Point Church and to those who are not.  Through worship and service, we aim to foster a positive atmosphere on campus where students can explore what it means to follow Jesus.",11.0
https://go.sfss.ca/clubs/168/logo/thumb,https://go.sfss.ca/clubs/168/info,Thé SFU Tea,We aim to encourage and maintain the appreciation of tea in all forms.,8.0
https://go.sfss.ca/clubs/689/logo/thumb,https://go.sfss.ca/clubs/689/info,Today's BC Young Liberals,Today's BC Young Liberals at SFU hopes to provide unique and exciting opportunities for students to participate within the political community and engage with other like-minded individuals.,2.0
https://go.sfss.ca/clubs/171/logo/thumb,https://go.sfss.ca/clubs/171/info,Turkish Canadian Association - SFU,"The main purpose of SFU's Turkish Canadian Association is to carry out advocacy and promotion in the interest and on behalf of Turkish Canadian students.

SFU Turkish Canadian Association is a secular organization, and has no political or religious affiliations.",6.0
https://go.sfss.ca/clubs/166/logo/thumb,https://go.sfss.ca/clubs/166/info,UNICEF - SFU,"Our focus is to advocate, educate, and fundraise to join the global effort of reversing child-focused humanitarian issues in the developing world.",11.0
https://go.sfss.ca/clubs/92/logo/thumb,https://go.sfss.ca/clubs/92/info,University Christian Ministries,To promote the development of spiritual friendships through Biblical teachings and fellowship.,1.0
https://go.sfss.ca/clubs/211/logo/thumb,https://go.sfss.ca/clubs/211/info,UPhoto Photography Club,Everyone who is interested in photography is welcome to join UPhoto. You don't have to be a professional photographer or own a fancy camera to participate in our events. Our goal is simple: to provide those who are interested in photography a platform to have fun and to learn skills from others!,8.0
https://go.sfss.ca/clubs/730/logo/thumb,https://go.sfss.ca/clubs/730/info,Variety for Tomorrow - SFU,"We host events throughout the year to fundraise on behalf of Variety - the Children’s Charity. All of our proceeds support children with special needs in British Columbia. We also offer the opportunity to volunteer at some of Variety’s events, such as the Show of Hearts Telethon, Boat for Hope and their Christmas parties.",7.0
https://go.sfss.ca/clubs/841/logo/thumb,https://go.sfss.ca/clubs/841/info,Vietnamese Canadian League (VCL),VCL is founded by Vietnamese-Canadian university students to empower fellow peers to promote unity and bridge the gap between Vietnamese and Vietnamese-Canadian traditions through leadership and community. We are dedicated to educating the whole person and empowering student leaders for the future in a just and humane world.,6.0
https://go.sfss.ca/clubs/89/logo/thumb,https://go.sfss.ca/clubs/89/info,Vietnamese Student Association,An official group for all Vietnamese students and all those who are interested in Vietnamese culture at Simon Fraser University.,6.0
https://go.sfss.ca/clubs/845/logo/thumb,https://go.sfss.ca/clubs/845/info,VO1SS SFU,"We aim to provide a platform to a diverse group of people regardless of their background, career goals, and orientation. We hope to reach the public through the stories we share and encourage people to connect with the individuals in our articles.",10.0
https://go.sfss.ca/clubs/192/logo/thumb,https://go.sfss.ca/clubs/192/info,Vocal Jazz- SFU,To spread musical joy throughout the SFU campus.,9.0
https://go.sfss.ca/clubs/47/logo/thumb,https://go.sfss.ca/clubs/47/info,Wildlife Conservation - SFU,"We are a group of students dedicated to educating, promoting and supporting conservation efforts. We encourage community engagement through events and provide connections to volunteer and job opportunities.",11.0
https://go.sfss.ca/clubs/729/logo/thumb,https://go.sfss.ca/clubs/729/info,Wings Of Hope,"We stand in solidarity to give Mental Health a voice by fostering an active conversation through awareness and action, and extending a helping hand to those who endure the fight against it every day. Let us all join our hearts and minds to end the stigma against mental health.",3.0
https://go.sfss.ca/clubs/833/logo/thumb,https://go.sfss.ca/clubs/833/info,Women in Clean Tech,"An SFU-Surrey based club that works to promote and educate others about sustainable technology, and connect women who are passionate about clean technology with each other and those who support them. While the focus of this club is to connect and support the female student body interested in this field, all are welcome to join.",5.0
https://go.sfss.ca/clubs/255/logo/thumb,https://go.sfss.ca/clubs/255/info,Women In Engineering,"Women in Engineering club stands for diversity, inclusion, and representation of minorities in engineering. We are a club that aims to empower women in STEM through events with a focus toward outreach, support, and career development.Through these events, WiE promotes engineering among high school students, enhances learning through mentorship, and allows for professional growth through networking.

Women in Engineering Design Team is an interdisciplinary subset of WiE club which focuses on providing a safe space for women and minorities to gain and build their technical skills. WiE Design is a small technical team of 12 members and is currently working on building an IoT garbage-collecting robot controlled via Bluetooth. In light of the COVID-19 pandemic WiE Design has started a PPE initiative to design, 3D-print, and donate face shields and ear savers to healthcare workers, volunteers, and small businesses. Womxn, minorities and allies are all welcome to join our club!",11.0
https://go.sfss.ca/clubs/255/logo/thumb,https://go.sfss.ca/clubs/634/info,Women in STEM,"Women in STEM is a networking club open to those in all fields of the faculty of sciences. It is catered to women, but all are welcome as long as there is an interest in advancement in women in science. We hope to create a supportive environment for those in STEM to pursue careers in their respective fields.",5.0
https://go.sfss.ca/clubs/167/logo/thumb,https://go.sfss.ca/clubs/167/info,World University Services of Canada-SFU,"World University Service of Canada (WUSC) is a Canadian international development non-profit organization dedicated to improving education, employment and empowerment opportunities for youth, women and refugees. WUSC works through 95 universities across Canada through the WUSC Local Committees to support the Student Refugee Program (SRP). For more info, please visit: https://wusc.ca/




The SFU WUSC Local Committee (LC) is a student and volunteer-driven campus organization that runs the SFU Student Refugee Program. The SRP is the only one of its kind to combine resettlement with opportunities for higher education. At SFU, we sponsor 6 refugee students every year. Our LC raise funds and awareness for the program on their campus and in their community. They also play a critical role in offering day-to-day social and academic support to SRP students. For more info, please visit: https://www.sfu.ca/refugeeprograms/students.html",5.0
https://go.sfss.ca/clubs/354/logo/thumb,https://go.sfss.ca/clubs/354/info,Young Liberals of Canada - SFU,The SFU YLC's goals are to ensure adequate representation of youth within the Liberal Party of Canada; promote and espouse the views of Young Liberals on a regular basis internally and externally to the Liberal Party of Canada; develop and educate Young Liberals in the various aspects of the political process.,2.0
https://go.sfss.ca/clubs/146/logo/thumb,https://go.sfss.ca/clubs/146/info,Young Women in Business SFU,"YWiB SFU strives to engage leaders from all faculties through opportunities for personal and professional growth. We encourage members to achieve success on their own terms through our programs that focus on mentorship, networking, philanthropy and tangible skill building.
To join YWiB please apply via our website:
www.ywib.ca/sfu/programs",10.0
